rule_id,change_type,rule_content,first_level,second_level,can_detect
E47_05,added,USE modern SwiftUI patterns like @Observable instead of ObservableObject where appropriate,Code Implementation,Framework Usage,FALSE
E56_119,added,- Component Factory: Use config/factory.py for dependency injection and component creation,Architecture & Design,Design Principles & Patterns,FALSE
E56_19,modified,"-- Mutually Exclusive Modes: --url vs --example-data
+- Mutually Exclusive Modes: --url vs --example-data vs --batch",Architecture & Design,Technology Stack Selections,TRUE
E8_16,added,trea.md 文件主要记录关于技术的细节 功能的介绍会比较简单 主要是关于代码的修改记录,Development Workflow & Project Management,Project Documentation,FALSE
E6_36,added,Nuxt Icon is installed.,Architecture & Design,Technology Stack Selections,TRUE
E12_06,added,Give each component a single clear responsibility.,Architecture & Design,Design Principles & Patterns,FALSE
E6_26,added,Always use TypeScript to define all components.,Architecture & Design,Technology Stack Selections,TRUE
E6_105,modified,"- * Use the $vitestFetch global variable to make requests to the API
+ * Use the `$vitestFetch` global variable to make requests to the API (automatically configured with the correct base URL from .env.test)",Code Implementation,Framework Usage,FALSE
E7_10,added,Test functionality after implementing changes.,Quality Assurance,Testing Strategy,FALSE
E38_11,modified,"-maintain consistancy
+maintain consistancy when naming",Code Implementation,Code Style Conventions,FALSE
E16_39,added,"Remember: When in doubt, use the working test scripts to verify hardware functionality before debugging software issues! The system is now production-ready with full multi-user RFID support.",Development Workflow & Project Management,Project Documentation,FALSE
E1_75,modified,"-   - Update progress journal regularly
+   - Update progress journal with each significant advancement",Development Workflow & Project Management,Project Documentation,FALSE
E56_131,modified,"- - Interface-Based Design: All components implement abstract interfaces for testability and extensibility
+ - All components implement abstract interfaces from interfaces/ for testability",Architecture & Design,Design Principles & Patterns,TRUE
E36_02,modified,"- Styling: SCSS, Tailwind CSS
+ Styling: SCSS, CSS",Architecture & Design,Technology Stack Selections,TRUE
E6_114,added,Each test should only test what's described in the test name,Quality Assurance,Testing Strategy,FALSE
E38_30,added,AI\Current Game Architecture.md,Architecture & Design,Design References & Constraints,TRUE
E17_17,added,- Follow standard project structure,Development Workflow & Project Management,Directory Structure,FALSE
E20_84,added,"-- Create default roles
INSERT INTO roles (name, description) VALUES 
('ROLE_USER', 'Standard user role'),
('ROLE_ADMIN', 'Administrator role');

-- Create verified admin user (password: Admin123!)
INSERT INTO users (username, email, password, first_name, email_verified, enabled, created_at) VALUES 
('admin', 'admin@example.com', '2a2a12$LQv3c1yqBw2UKaOF.QiPp.8fJUh4vNI8ZRdkHOJqOg5z8.dNhCQOm', 'Admin', true, true, NOW());

-- Assign admin role
INSERT INTO user_roles (user_id, role_id) 
SELECT u.id, r.id FROM users u, roles r 
WHERE u.username = 'admin' AND r.name = 'ROLE_ADMIN';

INSERT INTO user_roles (user_id, role_id) 
SELECT u.id, r.id FROM users u, roles r 
WHERE u.username = 'admin' AND r.name = 'ROLE_USER';",Development Workflow & Project Management,Environment Configuration,TRUE
E44_01,modified,"- tree -a -I '.git|.idea|.vscode|buld|node_modules|pycache|tmp|.next|.venv|.serverless' -L 6
+ tree -a -I '.git|.idea|.vscode|buld|node_modules|pycache|vendor|tmp|.next|.venv|.serverless' -L 6",Development Workflow & Project Management,Directory Structure,TRUE
E16_16,added,Comprehensive maintenance automation with quality gates,Code Implementation,Business Logic,FALSE
E56_69,added,- Environment Variables: Uses .env files with python-dotenv,Development Workflow & Project Management,Environment Configuration,TRUE
E28_88,added,"## Dependency analysis (POC)
- Command: kiro.deps.scan
- Service: packages/extension/src/services/dependency-cruiser.service.ts
- Behavior: runs dependency-cruiser via npx with sane defaults, timeout, cancellation
- Output: .constellation/data/dependency-analysis.json within the analyzed folder",Architecture & Design,Technology Stack Selections,FALSE
E21_13,added,`src/app/api/trpc/[trpc]/route.ts`: tRPC API endpoints,Development Workflow & Project Management,Project Documentation,TRUE
E47_40,modified,"- USE modern SwiftUI patterns like @Observable instead of ObservableObject where appropriate
+ ""patterns"": ""Modern SwiftUI patterns like @Observable""",Code Implementation,Framework Usage,FALSE
E19_09,modified,"- echo ""Suggested commit: $CHANGE_TYPE($SCOPE): $CHANGE_DESCRIPTION""
+ echo ""Suggested workflow: make test && git add . && git commit -m \""$CHANGE_TYPE($SCOPE): $CHANGE_DESCRIPTION\""""",Development Workflow & Project Management,Workflow Conventions,TRUE
E56_161,added,- Web UI Mode (--ui): Visual interface with real-time updates (recommended),Architecture & Design,Design Principles & Patterns,FALSE
E43_07,added,playback-bars,Architecture & Design,Design References & Constraints,FALSE
E28_52,added,- dependency-cruiser.service.ts: Background dependency scanning integration,Architecture & Design,System Architecture,TRUE
E50_35,added,**Type Inference:** Let TypeScript infer types when obvious,Code Implementation,Language Features,FALSE
E4_15,added,2. **N8nWorkflowAgent (ADK + MCP)**: Authenticated workflow automation with n8n integration,Architecture & Design,System Architecture,FALSE
E2_109,added,Use Red Hat Display for smaller titles and body copy,Code Implementation,Code Style Conventions,FALSE
E28_60,modified,"- - Commands: open MCP config, scan dependencies
+ - Commands: open MCP config, scan dependencies, open graph view
+ - MCP Tools: ping, constellation_impactAnalysis",Architecture & Design,Design References & Constraints,FALSE
E21_12,added,`src/app/page.tsx`: Homepage met scan formulier,Development Workflow & Project Management,Project Documentation,FALSE
E16_72,modified,"- Session Creation: Each RFID card scan creates unique session with 5-minute timeout
+ Session Creation: Each RFID card scan creates unique session (no automatic timeout)
+ Power Resilience: Locker assignments persist through power outages and system restarts
+ Database Integrity: SQLite WAL mode ensures data durability during power interruptions",Code Implementation,Business Logic,FALSE
E2_119,added,Changelog validation on commits,Development Workflow & Project Management,Version Control,FALSE
E22_21,added,"### Widget-GraphQL Separation Pattern
**CRITICAL**: Widgets must NOT directly receive GraphQL generated classes as parameters.

#### Pattern Implementation:
1. **Explicit Fields**: Widgets should have explicit fields to hold the data they need
2. **Factory Constructor**: Create a `fromFragment()` factory constructor that:
   - Takes the GraphQL fragment as parameter
   - Extracts required fields from the fragment  
   - Passes extracted data to the widget's default constructor
3. **Separation of Concerns**: This keeps widgets independent of GraphQL implementation details

#### Example:
```dart
// Widget with explicit fields and factory constructor
class UserCard extends StatelessWidget {
  final String name;
  final String avatarUrl;
  final int followers;
  
  const UserCard({
    required this.name,
    required this.avatarUrl,
    required this.followers,
  });

  // Factory constructor for GraphQL integration
  factory UserCard.fromFragment(GUserCardFragment fragment) {
    return UserCard(
      name: fragment.name,
      avatarUrl: fragment.avatarUrl,
      followers: fragment.followers.value,
    );
  }
}
```",Architecture & Design,Design Principles & Patterns,TRUE
E6_103,added,Each test should only test what's described in the test name,Quality Assurance,Testing Strategy,FALSE
E1_40,modified,"-    - initializing the project as a git repository is always a good idea
-    - commit granular updates often
+    - Initialize the project as a git repository immediately
+    - Commit granular updates with meaningful messages",Development Workflow & Project Management,Version Control,FALSE
E28_73,added,- Package Management: npm with package-lock.json for dependency locking,Architecture & Design,Technology Stack Selections,TRUE
E56_80,added,- Avoid: Direct pytest calls without proper path setup,Development Workflow & Project Management,Workflow Conventions,FALSE
E54_08,added,"### Footer（任意）

- Breaking Changes
- 関連Issue（例：`Fixes #123`，`Closes #456`）",Development Workflow & Project Management,Version Control,FALSE
E2_101,added,"**MANDATORY**: Use UK timezone and date formats (DD/MM/YYYY, GMT/BST)",Code Implementation,Code Style Conventions,TRUE
E13_05,added,`fnm` for Node.js version management via `.node-version` file,Development Workflow & Project Management,Environment Configuration,TRUE
E28_84,added,"## Build and scripts
Root package.json scripts:
bash
pnpm build # turbo run build across packages
pnpm dev # turbo run dev --parallel
pnpm typecheck # turbo run typecheck
pnpm lint # turbo run lint
pnpm test # turbo run test
pnpm watch # pnpm -r run watch (all packages)
pnpm package # build & vsce package (extension vsix)

MCP utilities:
bash
pnpm bundle:mcp # node esbuild.mcp.config.js
pnpm watch:mcp # node esbuild.mcp.config.js --watch
",Development Workflow & Project Management,Workflow Conventions,FALSE
E56_117,modified,"- - Use specific exception types with retry logic
+ - Use structured exception hierarchy from utils/exceptions.py:
 - VideoProcessingError: Base exception for video processing failures
 - ConfigurationError: Configuration validation failures
 - MetadataExtractionError: Video metadata extraction failures
 - SummaryGenerationError: AI summary generation failures
 - StorageError: Data persistence failures",Code Implementation,Error & Exception Handling,FALSE
E2_229,added,- Tests must pass (npm test),Quality Assurance,Testing Strategy,FALSE
E56_115,added,"- Unit Tests: Fast, isolated tests using mock implementations from tests/fixtures/mock_implementations.py",Quality Assurance,Testing Strategy,TRUE
E12_08,added,Keep state management close to where the state is used.,Architecture & Design,Design Principles & Patterns,FALSE
E28_114,added," - Timeout: 30 seconds with progress reporting
 - Performance: Optimized for large codebases with smart file size detection

### Graph Visualization
- Interactive Graphs: Cytoscape.js-powered dependency visualization
- Performance Optimizations: Adaptive layouts and rendering for large graphs (500+ nodes)
- User Interactions: Click to select, double-click to open files
- Real-time Updates: Live progress indicators during scanning and rendering
- Error Handling: Graceful fallbacks with user-friendly error messages",Development Workflow & Project Management,Project Documentation,FALSE
E35_22,added,- **开发启动** - `pnpm start` - 启动开发服务器和 Electron 应用,Development Workflow & Project Management,Workflow Conventions,FALSE
E20_30,modified,"-# Full-Stack Todo Application with Authentication Development Rules
+# Full-Stack Todo Application with Email Verification Development Rules",Development Workflow & Project Management,Project Documentation,FALSE
E39_65,added,This project uses pytest for unit testing.,Code Implementation,Framework Usage,TRUE
E1_03,added,5. Delete the initial .md version of the file,Development Workflow & Project Management,Workflow Conventions,FALSE
E20_59,modified,"-POST /api/auth/register - User registration
+POST /api/auth/register - User registration (sends verification email)",Code Implementation,Business Logic,FALSE
E30_05,added,"## 2. Containers 层（系统容器）
- **前端 Web 应用（React + Vite + TypeScript + Tailwind CSS）**
  - 用户界面、表单交互、结果展示，通过RESTful API与后端通信。
- **后端服务（Node.js + Express + TypeScript）**
  - 处理前端请求，校验输入，代理DeepSeek API，返回优化提示词。
- **DeepSeek API（外部AI服务）**
  - 由后端调用，生成优化后的提示词。
- **本地运行环境**
  - 前后端均可本地开发，依赖管理与环境变量规范化。",Architecture & Design,Technology Stack Selections,FALSE
E55_05,added,6. 不要混淆前后端的`gameState`，UI使用`displayGameState`，后端使用`backendGameState`。,Architecture & Design,Design References & Constraints,TRUE
E43_06,added,types/: App-specific type definitions,Development Workflow & Project Management,Directory Structure,TRUE
E30_18,modified,"- React Router with routes defined in App.tsx
+ React Router 6.26.2 with routes defined in App.tsx",Architecture & Design,Technology Stack Selections,TRUE
E22_33,added,- **Injectable-first approach** - Prefer `@injectable` annotations over direct `getIt` calls,Architecture & Design,Design Principles & Patterns,FALSE
E41_62,added,- Always re-run the unit tests before considering a task complete,Development Workflow & Project Management,Workflow Conventions,FALSE
E6_09,added,"When creating template refs always name them with the `El` suffix. For example:
* `const textareaEl = useTemplateRef('textareaEl')`",Code Implementation,Code Style Conventions,TRUE
E2_155,modified,"- - Update all any types to proper TypeScript types
+ - All new code requires proper TypeScript types",Code Implementation,Language Features,FALSE
E6_123,added,Use data-testid attributes for reliable selectors,Quality Assurance,Testing Strategy,FALSE
E28_85,added,"## Build architecture
- Webviews (Vite):
 - Inputs configured for src/main-sidebar.tsx and src/main-dashboard.tsx
 - Output to packages/extension/out with manifest
- Extension (tsc):
 - Compiles to packages/extension/out
- MCP server (esbuild at repo root):
 - Bundles packages/mcp-server/src/server.ts → packages/extension/out/mcp/mcpStdioServer.cjs",Development Workflow & Project Management,Project Documentation,FALSE
E45_32,added,"- Command Reference: remove-dependency
 - Legacy Syntax: node scripts/dev.js remove-dependency --id=<id> --depends-on=<id>
 - CLI Syntax: task-master remove-dependency --id=<id> --depends-on=<id>
 - Description: Removes a dependency relationship between two tasks
 - Parameters:
 - --id=<id>: ID of task to remove dependency from (required)
 - --depends-on=<id>: ID of task to remove as a dependency (required)
 - Example: task-master remove-dependency --id=22 --depends-on=21
 - Notes: Checks if dependency actually exists; updates task files automatically",Development Workflow & Project Management,Workflow Conventions,FALSE
E29_06,added,## test,Development Workflow & Project Management,Project Documentation,FALSE
E41_16,added,- Testing: Local unit tests are created as functionality is modified,Quality Assurance,Testing Strategy,FALSE
E6_08,added,"When creating a brand new stand alone component (that's not a child/tightly coupled component), use the `nlx hygen component new --name [ComponentNameHere]` from package.json",Development Workflow & Project Management,Workflow Conventions,FALSE
E6_11,added,ShadCN has components like `Textarea` that seem like native components but are not. Remember to account for that.,Code Implementation,Framework Usage,FALSE
E35_39,added,- **调试日志规范** - 调试日志应包含足够的上下文信息，便于问题定位,Quality Assurance,Logging Standards,FALSE
E6_29,added,Use script setup,Code Implementation,Framework Usage,FALSE
E56_144,added,- Long Video Processing: Videos >45 minutes automatically split into overlapping chunks,Code Implementation,Business Logic,FALSE
E41_04,modified,"-│ ├── Cargo.toml # Rust dependencies
+│ ├── package.json # Worker dependencies",Development Workflow & Project Management,Directory Structure,TRUE
E35_24,added,- **项目构建** - `pnpm package` - 构建可分发的应用程序,Development Workflow & Project Management,Workflow Conventions,FALSE
E45_04,added,"- Example Pattern Recognition:
 typescript
 // If you see repeated patterns like:
 const data = await prisma.user.findMany({
 select: { id: true, email: true },
 where: { status: 'ACTIVE' }
 });
 
 // Consider adding a PRISMA section in the .windsurfrules:
 // - Standard select fields
 // - Common where conditions
 // - Performance optimization patterns
",Development Workflow & Project Management,Project Documentation,FALSE
E28_47,added,"- package.json: Extension manifest with VS Code contributions
 - Commands: self-test, open MCP config
 - Views: Activity bar container and side panel
 - Settings: Node path, workspace config, server ID
- tsconfig.json: TypeScript compilation (ES2022, NodeNext modules)
- .vscode-test.mjs: VS Code test runner configuration",Development Workflow & Project Management,Project Documentation,FALSE
E17_05,added,- Write minimal code to make it pass (Green),Quality Assurance,Testing Strategy,FALSE
E41_22,added,Define interfaces in types/ directories,Development Workflow & Project Management,Directory Structure,FALSE
E50_30,added,NEVER USE - Deprecated Decorators,Code Implementation,Framework Usage,FALSE
E35_57,added,- **实时切换** - 主题切换立即生效，无需重启应用,Code Implementation,Business Logic,FALSE
E19_16,modified,"- version: 1.1
- tags: [""git"", ""conventional-commits"", ""workflow""]
+ version: 1.2
+ tags: [""git"", ""conventional-commits"", ""workflow"", ""testing""]",Development Workflow & Project Management,Workflow Conventions,FALSE
E50_36,added,"**Avoid `any`:** Use `unknown` for uncertain types, then narrow with type guards",Code Implementation,Language Features,TRUE
E41_15,modified,"- - Frontend Hosting: Cloudflare Pages
+ - Frontend Hosting: Cloudflare Workers with Static Assets",Architecture & Design,Technology Stack Selections,TRUE
E56_08,added,"### Error Handling Strategy
- Configuration Errors: Graceful validation with user-friendly messages
- API Errors: Specific exception types with retry logic and fallbacks
- Processing Errors: Detailed error context with troubleshooting guidance
- Return Values: Boolean success indicators for main functions",Code Implementation,Error & Exception Handling,FALSE
E56_113,modified,"- - Maintain clear module separation: config/, notion_db/, processors/, utils/
+ - Maintain clear module separation with component-based architecture:
 - interfaces/: Abstract base classes for components
 - extractors/: Video metadata extraction logic
 - writers/: Summary generation implementations
 - storage/: Data persistence backends
 - processors/: Orchestration and workflow coordination
 - config/: Configuration, factory, and example data
 - utils/: Shared utilities and exception classes",Architecture & Design,System Architecture,FALSE
E35_63,added,"#### 特殊元素样式规范
```css
/* 开关按钮 */
bg-gray-200 dark:bg-gray-600                    /* 未选中背景 */
peer-checked:bg-white dark:peer-checked:bg-white /* 选中背景（白底设计） */
peer-checked:after:bg-gray-900                   /* 选中滑块（深色） */

/* 状态指示 */
bg-green-50 dark:bg-green-900/10    /* 成功状态背景（半透明） */
bg-red-50 dark:bg-red-900/10        /* 错误状态背景（半透明） */
border-green-200 dark:border-green-800 /* 成功状态边框 */
border-red-200 dark:border-red-800     /* 错误状态边框 */

/* 进度条和滑块 */
bg-gray-200 dark:bg-gray-600        /* 滑块轨道背景 */
bg-gray-900 dark:bg-gray-100        /* 进度填充 */
```",Architecture & Design,Design References & Constraints,TRUE
E6_31,added,"Do NOT import components defined within the project source code. They are auto-imported based on the file structure. For example:
- <PostList>, <PostCardImage>, <PostCardFooter>, `<UiTextarea>`, `<UiButton>` etc",Code Implementation,Framework Usage,FALSE
E41_46,added,Test error scenarios and edge cases,Quality Assurance,Testing Strategy,FALSE
E56_97,added,- Use mutually exclusive argument groups for different modes,Architecture & Design,Technology Stack Selections,FALSE
E6_64,added,* The dev server is already up and running on localhost:3000,Development Workflow & Project Management,Environment Configuration,FALSE
E2_200,added,"Before making ANY changes, read and reference these files:
• docs/AI_DEVELOPMENT_GUIDE.md - AI-specific development guidelines and critical rules
• docs/DEPENDENCY_MAP.md - Complete dependency relationships and import patterns
• docs/ARCHITECTURE_DIAGRAM.md - Visual system architecture and data flow
• docs/QUICK_REFERENCE.md - Fast reference for common operations
• docs/PROJECT_OVERVIEW.md - High-level project understanding",Development Workflow & Project Management,Project Documentation,FALSE
E33_25,added,Fields described Validated as **something** have validate tag complied with github.com/go-playground/validator library.,Code Implementation,Framework Usage,FALSE
E6_94,added,Always use the `--watch=false` flag when running tests,Code Implementation,Framework Usage,FALSE
E21_04,added,"`src/components`: UI componenten (atoms, molecules, organisms)",Development Workflow & Project Management,Directory Structure,TRUE
E56_160,added,- DOM Testing: Component rendering and interaction validation,Quality Assurance,Testing Strategy,FALSE
E56_136,added,"- CRITICAL: Use types.Part(file_data=...) for YouTube URLs, not text prompts",Code Implementation,Framework Usage,TRUE
E16_62,added,Git Hooks: Quality gates to prevent repository degradation,Code Implementation,Business Logic,FALSE
E45_41,added,"- Code Examples:
 - Use language-specific code blocks
 typescript
 // ✅ DO: Show good examples
 const goodExample = true;
 
 // ❌ DON'T: Show anti-patterns
 const badExample = false;
",Development Workflow & Project Management,Project Documentation,FALSE
E28_17,modified,"- │ ├── mcpProvider.ts # MCP server definition provider
- │ └── mcpStdioServer.ts # MCP stdio server implementation
+ │ ├── mcp.provider.ts # MCP server definition provider
+ │ ├── mcp-stdio.server.ts # MCP stdio server implementation
+ │ └── mcpStdioServer.ts # MCP stdio server entry point",Code Implementation,Code Style Conventions,TRUE
E41_66,added,"- Then, commit all staged changes with this approved commit message",Development Workflow & Project Management,Version Control,FALSE
E20_62,modified,"-POST /api/auth/login - User login (returns JWT)
+POST /api/auth/login - User login (only for verified users)",Code Implementation,Business Logic,FALSE
E2_136,added,Convert remaining JavaScript files to TypeScript,Architecture & Design,Technology Stack Selections,FALSE
E38_08,added,"# Cascade: The Pathfinder's Guide

Within the Celtic Realm of Pathfinder's Journey, Cascade serves as your mystical companion and guide. Like the flowing waters that connect the Sacred Landscapes of this world, Cascade bridges the gap between traveler and journey, offering insights drawn from the ancient wisdom of the land.

## Origins

Born from the mists of the Ancient Stone Circle during the season of Samhain when the veil between worlds is thinnest, Cascade embodies the spirit of guidance. Neither fully of this world nor the Otherworld, Cascade exists to assist Pathfinders as they traverse the Misty Barrow Downs, Sacred Oak Grove, and beyond.

## Technical Integration

Component Structure:
- Implemented as part of src/views/GameBoardView.vue, the main game interface component
- Operates alongside src/components/game/PlayerDashboard.vue and src/components/game/GameLog.vue components
- Accesses game state via Pinia stores: gameStore.ts, playerStore.ts, and cardStore.ts

Store Integration:
- Interfaces with src/stores/gameStore.ts to access game phase, season data, and landscape information
- Utilizes src/stores/cardStore.ts for retrieving landscape data from landscapes.js rather than hardcoded values
- Monitors currentSeason state (starting with Samhain) from gameStore.ts

Phase-Specific Functionality:
- Provides guidance during all game phases within GameBoardView.vue phase sections:
 - SeasonalAssessmentPhase
 - ThreatLevelCheckPhase
 - ChallengeResolutionPhase 
 - JourneyProgressionPhase

Card System Integration:
- Interfaces with the src/components/core/GameCard.vue component (parent component in core directory)
- Uses landscape data from landscapes.js for all 15 sacred landscape locations
- Supports all card types defined in CardType enum

## Data Flow Architecture

Cascade accesses game data through a hierarchical structure:
- Parent component: GameBoardView.vue contains all phase-specific components
- Accesses game state via store getters like currentLandscape, currentSeason, and threatLevel
- Renders information through child components like GameCard.vue and GameLog.vue
- Processes game logic methods like resolveChallenge(), getSeasonModifier(), and formatSeason()

## Technical Capabilities

Landscape Knowledge:
- Retrieves landscape data from src/models/data/landscapes.js through cardStore.getLandscapeById() method
- Provides data on all 15 predefined landscapes and their associated challenges

Seasonal Mechanics:
- Tracks seasonal changes through gameStore.advanceSeason() method
- Utilizes seasonal modifiers from getSeasonalResourceModifier() in gameplay

Challenge System:
- Interfaces with challenge resolution methods in GameBoardView.vue
- Accesses challenge difficulty assessments via getChallengeDifficulty() method

Resource Management:
- Works with ResourceManagement.vue component for resource tracking
- Connects to gatherResources() method in both gameStore and GameBoardView

## GameStore State Management

Cascade interfaces with src/stores/gameStore.ts to track and respond to the game's current state:

Core Game States:
- currentPhase - Tracks active game phase from src/models/enums/phases.ts enum (starts in SEASONAL_ASSESSMENT)
- currentTurn - Monitors turn progression (begins at 1)
- currentSeason - Tracks active season, initialized to Season.SAMHAIN at game start
- currentLandscapeId - References the active landscape using ID from src/models/data/landscapes.js
- currentChallenge - Stores the active challenge data
- threatTokens - Accumulates threat levels affecting gameplay difficulty

World State Tracking:
- visitedLandscapes - Array of previously visited landscape IDs
- journeyProgress - Numeric progress indicator (0-10)
- journeyPath - Sequential array of landscape IDs forming the player's path
- gameLog - Log of game events with timestamps

Victory Condition States:
- victoryConditions - Object tracking progress on 8 victory conditions
- gameStarted - Boolean flag for game initialization
- gameOver - Indicates game completion state
- isVictory - Tracks win/loss status

Temporal Effects System:
- tempEffects - Array of temporary gameplay effects with duration tracking
- ceremonyCompleted - Tracks special ceremony completion status

## Phase Transitions

Cascade works with the phase system defined in src/models/enums/phases.ts:
1. SEASONAL_ASSESSMENT (starting phase) - Evaluates season effects
2. THREAT_LEVEL_CHECK - Processes accumulated threat tokens
3. LANDSCAPE_CHALLENGE - Presents landscape-specific challenges
4. CHALLENGE_RESOLUTION - Resolves challenge outcomes
5. RESOURCE_MANAGEMENT - Handles resource collection/usage
6. ANIMAL_COMPANION - Manages animal companion interactions
7. CRAFTING - Facilitates item crafting
8. JOURNEY_PROGRESSION - Advances to next landscape
9. GAME_OVER - Manages endgame state

## Data Models Architecture

Cascade directly integrates with the game's core data models:

Landscapes (src/models/data/landscapes.js):
- Provides access to all 15 predefined landscapes including Ancient Stone Circle, Misty Barrow Downs, and Sacred Oak Grove
- Each landscape contains structured data for challenges, difficulty ratings, and available resources
- Accessed through src/stores/cardStore.ts getLandscapeById() to maintain data consistency
- Example: ancient_stone_circle includes Spectral Guardians challenge with mental difficulty 5

Seasons (src/models/data/seasons.js):
- Tracks the five Celtic seasons from Samhain (start season) through Winter's Depth, Imbolc, Beltane, and Lughnasadh
- Each season includes resource abundance/scarcity data and animal affinities
- Contains seasonal modifiers that affect gameplay mechanics
- Example: Samhain provides +2 difficulty to spiritual challenges

Companions (src/models/data/companions.js):
- Interfaces with 10 animal companions including Raven Scout, Wolf Guardian, and Deer Guide
- Each companion includes ability functions that modify game state
- Contains seasonal affinities that align with specific seasons
- Example: Wolf Guardian provides +2 to combat-related challenges

Resources (src/models/data/resources.js):
- Manages resource availability based on current landscape and season
- Used for crafting and challenge resolution
- Each resource has specific seasonal abundance patterns

Cascade's implementation maintains strict adherence to these data models, ensuring consistent game behavior while providing insight across all game phases.",Development Workflow & Project Management,Project Documentation,FALSE
E38_32,modified,"-work with the existing design
+work with the existing files",Architecture & Design,Design References & Constraints,FALSE
E19_02,modified,"- pattern: ""build_success""
- - type: file_change
- pattern: """"
+ pattern: ""file_save""
+ - type: event
+ pattern: ""file_create""
+ - type: event
+ pattern: ""file_change""
+ - type: event
+ pattern: ""user_message""",Development Workflow & Project Management,Workflow Conventions,FALSE
E28_50,modified,"- - Separation of Concerns: Extension logic separate from MCP server
+ - Separation of Concerns: Extension, MCP server, and UI as distinct layers
+ - Service Layer: Abstracted configuration and system services
+ - Modern UI: Preact + Vite for fast webview development",Architecture & Design,System Architecture,FALSE
E55_07,added,8. 编码时，请同时考虑优化代码结构设计，如果有可以抽离共用的逻辑，尽量抽离出来，避免重复代码。,Architecture & Design,Design Principles & Patterns,FALSE
E38_06,added,do not execute git commands,Development Workflow & Project Management,Version Control,FALSE
E24_02,added,Always use git fetch instead of git pull.,Development Workflow & Project Management,Version Control,FALSE
E27_02,added,"- Run npm run lint, npm run build and fix all issues before completing any task",Development Workflow & Project Management,Workflow Conventions,FALSE
E55_02,added,1. 在编写文件之前，使用 `list dir` 检查文件是否存在。,Development Workflow & Project Management,Workflow Conventions,FALSE
E37_03,added,"- any changes to the database need to be made WITHOUT added alembic migrations, update the database/init_db.sql file and the pydantic modes and the sqlalchemy orm all at once.  We are still developing the application and we do not need to worry about migrations until an official release.  you will now when I tell you.",Development Workflow & Project Management,Workflow Conventions,FALSE
E54_03,added,"## コミットメッセージ形式

コミットメッセージは以下の形式に従ってください：

```
<type>(<scope>): <subject>

<body>

<footer>
```",Development Workflow & Project Management,Version Control,TRUE
E35_47,added,- [ ] 项目能够正常启动（`pnpm start`）,Development Workflow & Project Management,Workflow Conventions,FALSE
E39_04,modified,"Retain docstrings for modules, classes and selected library-like public functions, but keep them concise
Retain docstrings ONLY for modules, classes and selected library-like public functions, but keep them concise",Code Implementation,Code Style Conventions,FALSE
E7_09,added,Always examine existing code before making changes.,Development Workflow & Project Management,Workflow Conventions,FALSE
E1_44,modified,"-1. Create a full starter folder structure (directories only, without files)
+1. Create a full starter folder structure (directories only, without files) in the `/projects` directory",Development Workflow & Project Management,Directory Structure,FALSE
E28_87,added,"## Runtime and discovery
- MCP provider (packages/extension/src/mcp/mcp.provider.ts):
 - Registers provider via vscode.lm when available
 - Fallback writes .kiro/settings/mcp.json in workspace
 - Resolves Node path via env + heuristics; resolves server script from bundled out/mcp
- HTTP bridge (packages/extension/src/services/http-bridge.service.ts):
 - POST /events with { type, payload? } to inject events into the extension bus
 - Defaults to 127.0.0.1:39237; safe error handling and limits",Development Workflow & Project Management,Project Documentation,FALSE
E6_100,added,Run a single API test with `nr test [path-to-test-file]` for example: `nr test server/api/users.get.test.ts`,Development Workflow & Project Management,Workflow Conventions,FALSE
E19_28,modified,"- ✅ Commit changes:
+ ✅ Run tests and commit changes:
+ make test",Quality Assurance,Testing Strategy,FALSE
E1_09,added,6. Delete the `.md` version of the file,Development Workflow & Project Management,Workflow Conventions,FALSE
E14_02,modified,"- **jest**: For unit testing
+ **Vitest**: For unit testing (Vite's native test runner)",Code Implementation,Framework Usage,TRUE
E47_11,added,REUSE existing code as much as possible,Architecture & Design,Design Principles & Patterns,FALSE
E20_22,added,"Security Configuration:
- JWT Implementation: Generate, Validate, Refresh, Secure Storage
- Spring Security: BCrypt (strength 12), Custom Auth Provider, JWT Filter, CORS, Custom Exceptions
- Frontend Security: Axios Interceptors, Protected Routes, Token Management (Refresh/Logout)",Quality Assurance,Security Practices,FALSE
E20_27,added,"Validation Rules (Java Annotations):
- Username: @NotBlank, @Size(3-50), @Pattern(alphanumeric)
- Email: @NotBlank, @Email, @Size(max 100)
- Password: @NotBlank, @Size(8-100), @Pattern(complex chars)",Code Implementation,Business Logic,TRUE
E2_201,added,"After making changes, update relevant reference files:
• New services → Update docs/DEPENDENCY_MAP.md service dependencies section
• New types → Update docs/DEPENDENCY_MAP.md core dependencies section
• New imports → Update docs/DEPENDENCY_MAP.md import patterns section
• Architecture changes → Update docs/ARCHITECTURE_DIAGRAM.md relevant sections
• New patterns → Update docs/QUICK_REFERENCE.md common patterns section
• Breaking changes → Update docs/AI_DEVELOPMENT_GUIDE.md critical rules section",Development Workflow & Project Management,Project Documentation,FALSE
E16_11,added,Maintenance Check: .\scripts\maintenance\daily-routine.ps1 -Quick,Development Workflow & Project Management,Workflow Conventions,FALSE
E4_23,added,- **LiveKit**: Real-time video/audio for human consultations,Architecture & Design,Technology Stack Selections,TRUE
E56_87,added,- STRUCTURE: Follow existing test patterns in tests/ directory,Quality Assurance,Testing Strategy,FALSE
E16_07,added,"### **🔧 Essential Scripts Available**
- `scripts/test-basic-relay-control.js` - Hardware testing
- `scripts/emergency-relay-reset.js` - Emergency controls
- `scripts/start-all-clean.sh` - Service management
- `scripts/health-check-kiosk.sh` - Health monitoring
- `scripts/deploy-kiosk-ui.sh` - Deployment utilities",Development Workflow & Project Management,Workflow Conventions,TRUE
E4_24,modified,"- ### Backend Stack
+ ### Backend Stack - Multi-Agent System",Architecture & Design,Technology Stack Selections,FALSE
E47_09,added,DOCUMENT public APIs and important private methods,Development Workflow & Project Management,Project Documentation,FALSE
E41_27,added,"Use Hono's built-in middleware (CORS, JWT, error handling)",Code Implementation,Framework Usage,FALSE
E22_32,added,"- **Explicit dependency management** - All dependencies injected through constructors, no hidden GetIt calls",Architecture & Design,Design Principles & Patterns,FALSE
E56_44,added,"### Standard Component Creation Pattern
python
from .config.factory import ComponentFactory
# Always use factory for component creation
factory = ComponentFactory()
processor = VideoProcessor(
 factory.create_metadata_extractor(),
 factory.create_summary_writer(),
 factory.create_storage()
)
success = processor.process_video(url)
",Architecture & Design,Design Principles & Patterns,FALSE
E44_16,added,- Fixed HandlerTest to use Container instead of Application,Code Implementation,Framework Usage,FALSE
E38_05,added,maintain consistancy,Code Implementation,Code Style Conventions,FALSE
E51_12,added,**Component Communication**: Pass context through method parameters when needed,Code Implementation,Framework Usage,FALSE
E6_102,added,Each test should be self-contained and not rely on other tests,Quality Assurance,Testing Strategy,FALSE
E35_64,added,- [ ] 所有文本颜色提供深色模式样式,Code Implementation,Framework Usage,FALSE
E45_33,added,"- Command Reference: validate-dependencies
 - Legacy Syntax: node scripts/dev.js validate-dependencies [options]
 - CLI Syntax: task-master validate-dependencies [options]
 - Description: Checks for and identifies invalid dependencies in tasks.json and task files
 - Parameters:
 - --file=<path>, -f: Use alternative tasks.json file (default: 'tasks/tasks.json')
 - Example: task-master validate-dependencies
 - Notes: 
 - Reports all non-existent dependencies and self-dependencies without modifying files
 - Provides detailed statistics on task dependency state
 - Use before fix-dependencies to audit your task structure",Development Workflow & Project Management,Workflow Conventions,FALSE
E30_08,added,"C4Component
title Promptyoo-0 请求流程图 - Components 层

Person(user, ""终端用户"", ""通过浏览器访问应用"")

Container_Boundary(frontend, ""前端 Web 应用"") {
    Component(homePage, ""HomePage"", ""React"", ""包含6问表单的主页"")
    Component(questionForm, ""QuestionForm"", ""React"", ""6个问题的输入表单"")
    Component(promptContext, ""PromptContext"", ""React Context"", ""管理表单状态"")
    Component(promptService, ""promptService"", ""TypeScript"", ""封装API请求"")
}

Container_Boundary(backend, ""后端服务"") {
    Component(routes, ""API路由层"", ""Express Router"", ""定义API端点"")
    Component(controllers, ""控制器层"", ""TypeScript"", ""处理请求、校验参数"")
    Component(services, ""服务层"", ""TypeScript"", ""封装业务逻辑"")
    Component(utils, ""工具函数层"", ""TypeScript"", ""参数校验、格式化等"")
}

System_Ext(deepseekAPI, ""DeepSeek API"", ""外部AI服务"")

Rel(user, homePage, ""访问"", ""HTTP"")
Rel(homePage, questionForm, ""包含"", """")
Rel(questionForm, promptContext, ""更新状态"", """")
Rel(promptContext, promptService, ""提交表单数据"", """")
Rel(promptService, routes, ""发送API请求"", ""HTTP POST"")
Rel(routes, controllers, ""路由到"", """")
Rel(controllers, utils, ""验证参数"", """")
Rel(controllers, services, ""调用"", """")
Rel(services, deepseekAPI, ""请求生成优化提示词"", ""HTTP"")

---

C4Component
title Promptyoo-0 响应流程图 - Components 层

Person(user, ""终端用户"", ""通过浏览器访问应用"")

Container_Boundary(frontend, ""前端 Web 应用"") {
    Component(homePage, ""HomePage"", ""React"", ""将根据状态重定向"")
    Component(resultPage, ""ResultPage"", ""React"", ""展示优化结果"")
    Component(promptResult, ""PromptResult"", ""React"", ""显示优化提示词组件"")
    Component(promptContext, ""PromptContext"", ""React Context"", ""存储响应数据"")
    Component(promptService, ""promptService"", ""TypeScript"", ""处理API响应"")
}

Container_Boundary(backend, ""后端服务"") {
    Component(services, ""服务层"", ""TypeScript"", ""处理AI响应数据"")
    Component(controllers, ""控制器层"", ""TypeScript"", ""格式化响应数据"")
    Component(routes, ""API路由层"", ""Express Router"", ""返回HTTP响应"")
    Component(utils, ""工具函数层"", ""TypeScript"", ""错误处理、日志记录"")
}

System_Ext(deepseekAPI, ""DeepSeek API"", ""外部AI服务"")

Rel(deepseekAPI, services, ""返回优化提示词"", ""HTTP Response"")
Rel(services, controllers, ""处理后的AI响应"", """")
Rel(controllers, utils, ""记录响应"", """")
Rel(controllers, routes, ""格式化后的响应数据"", """")
Rel(routes, promptService, ""返回API响应"", ""HTTP JSON"")
Rel(promptService, promptContext, ""更新状态"", """")
Rel(promptContext, homePage, ""触发路由更新"", """")
Rel(homePage, resultPage, ""重定向至"", ""React Router"")
Rel(resultPage, promptResult, ""渲染"", """")
Rel(promptResult, user, ""展示优化后的提示词"", ""UI"")",Development Workflow & Project Management,Project Documentation,FALSE
E21_23,added,`templates/`: Pagina layouts,Development Workflow & Project Management,Directory Structure,TRUE
E56_92,added,- Provide user-friendly error messages with troubleshooting context,Code Implementation,Error & Exception Handling,FALSE
E19_13,modified,"- output: 
- git add internal/domain/user/service.go
- git commit -m ""fix(auth): fix password validation logic""
+ output: 
+ make test
+ git add internal/domain/user/service.go
+ git commit -m ""fix(auth): fix password validation logic""",Development Workflow & Project Management,Workflow Conventions,FALSE
E2_108,added,Use Poppins Bold for main titles and headers,Code Implementation,Code Style Conventions,FALSE
E45_15,added,"- Implementation Drift Handling
 - When implementation differs significantly from planned approach
 - When future tasks need modification due to current implementation choices
 - When new dependencies or requirements emerge
 - Call node scripts/dev.js update --from=<futureTaskId> --prompt=""<explanation>"" to update tasks.json",Development Workflow & Project Management,Workflow Conventions,FALSE
E28_20,added,"│ ├── components/ # Reusable UI components
│ │ ├── atoms/ # Atomic components
│ │ ├── molecules/ # Molecular components
│ │ └── organisms/ # Organism components",Development Workflow & Project Management,Directory Structure,TRUE
E45_21,added,"- Command Reference: set-status
 - Legacy Syntax: node scripts/dev.js set-status --id=<id> --status=<status>
 - CLI Syntax: task-master set-status --id=<id> --status=<status>
 - Description: Updates the status of a specific task in tasks.json
 - Parameters:
 - --id=<id>: ID of the task to update (required)
 - --status=<status>: New status value (required)
 - Example: task-master set-status --id=3 --status=done
 - Notes: Common values are 'done', 'pending', and 'deferred', but any string is accepted.",Development Workflow & Project Management,Workflow Conventions,FALSE
E22_14,modified,"- ### Dependency Flow
- 1. **Services** - Registered with `@injectable` in DI container
- 2. **ViewModels** - Injected with service dependencies, contain business logic
- 3. **Screens** - Focus on UI, delegate complex logic to ViewModels
- 4. **Widgets** - Receive data through parameters, minimal business logic
+ ### Hybrid Dependency Injection Pattern
+ 1. **Services** - Registered with `@injectable`/`@lazySingleton` in DI container
+ 2. **ViewModel Factories** - Registered with `@injectable`, create ViewModels with explicit dependencies
+ 3. **ViewModels** - Manually instantiated by factories, extend `DisposableViewModel` for lifecycle management
+ 4. **RouteProviders** - Registered with `@injectable`, create routes with ViewModel factory integration
+ 5. **Screens** - Receive ViewModels through constructor parameters, focus on UI
+ 6. **Widgets** - Receive data through parameters, minimal business logic",Architecture & Design,Design Principles & Patterns,FALSE
E4_27,added,- Tertiary Framework: Pydantic AI - ConsultingAgent (structured applications),Architecture & Design,Technology Stack Selections,TRUE
E35_40,added,- **语法验证优先** - 在功能开发前确保基础语法正确，避免阻塞性错误,Development Workflow & Project Management,Workflow Conventions,FALSE
E41_07,modified,"-- AuthHandler: Authentication and session management
+- AuthHandler: Authentication and session management with Hono JWT middleware",Code Implementation,Framework Usage,TRUE
E45_26,added,"- Task Structure Fields
 - id: Unique identifier for the task (Example: 1)
 - title: Brief, descriptive title (Example: ""Initialize Repo"")
 - description: Concise summary of what the task involves (Example: ""Create a new repository, set up initial structure."")
 - status: Current state of the task (Example: ""pending"", ""done"", ""deferred"")
 - dependencies: IDs of prerequisite tasks (Example: [1, 2])
 - Dependencies are displayed with status indicators (✅ for completed, ⏱️ for pending)
 - This helps quickly identify which prerequisite tasks are blocking work
 - priority: Importance level (Example: ""high"", ""medium"", ""low"")
 - details: In-depth implementation instructions (Example: ""Use GitHub client ID/secret, handle callback, set session token."")
 - testStrategy: Verification approach (Example: ""Deploy and call endpoint to confirm 'Hello World' response."")
 - subtasks: List of smaller, more specific tasks (Example: [{""id"": 1, ""title"": ""Configure OAuth"", ...}])",Development Workflow & Project Management,Project Documentation,FALSE
E54_22,added,4. リリース: - mainへのマージ時にタグ付け（v1.0.0形式） - リリースノート作成 - mainの変更をdevelopへ反映,Development Workflow & Project Management,Workflow Conventions,FALSE
E35_27,added,- 对象结构不完整，导致语法错误,Code Implementation,Language Features,FALSE
E21_10,added,`src/utils`: Helper functies en utilities,Development Workflow & Project Management,Directory Structure,TRUE
E30_17,modified,"- ui/*: Various UI framework components (buttons, forms, toasts, etc.)
+ ui/*: Various UI framework components (buttons, forms, toasts, etc.) using Radix UI components",Architecture & Design,Technology Stack Selections,TRUE
E50_29,added,**NEVER use these deprecated patterns as they will cause issues or break functionality:**,Code Implementation,Framework Usage,FALSE
E47_71,added,ALWAYS preserve error handling mechanisms,Code Implementation,Error & Exception Handling,FALSE
E50_33,added,NEVER USE - Constructor Injection (when inject() is available),Code Implementation,Framework Usage,FALSE
E35_20,added,- [ ] 开发过程中的挑战和解决方案已记录,Development Workflow & Project Management,Project Documentation,FALSE
E56_03,modified,"-
-youtube-notion-integration/
-├── src/
-│ └── youtube_notion/ # Main package
-│ ├── __init__.py
-│ ├── main.py # Application entry point
-│ ├── config/ # Configuration and example data
-│ │ ├── __init__.py
-│ │ └── example_data.py
-│ ├── notion_db/ # Notion database operations
-│ │ ├── __init__.py
-│ │ └── operations.py
-│ └── utils/ # Utility modules
-│ ├── __init__.py
-│ └── markdown_converter.py
-├── tests/ # Comprehensive test suite
-├── youtube_notion_cli.py # Command-line entry point
-├── pyproject.toml # Modern Python packaging
-├── setup.py # Package setup
-└── requirements.txt # Dependencies
-
+
+youtube-notion-integration/
+├── src/youtube_notion/ # Main package (importable)
+│ ├── __init__.py
+│ ├── main.py # Application entry point
+│ ├── config/ # Configuration and example data
+│ │ ├── __init__.py
+│ │ └── example_data.py
+│ ├── notion_db/ # Notion database operations
+│ │ ├── __init__.py
+│ │ └── operations.py
+│ ├── processors/ # Video processing logic
+│ │ └── youtube_processor.py
+│ └── utils/ # Utility modules
+│ ├── __init__.py
+│ └── markdown_converter.py
+├── tests/ # Comprehensive test suite
+├── youtube_notion_cli.py # CLI entry point script
+├── run_tests.py # Test runner with path setup
+├── pyproject.toml # Modern Python packaging
+├── setup.py # Package setup
+└── requirements.txt # Dependencies
+",Development Workflow & Project Management,Directory Structure,TRUE
E20_33,modified,"-- Backend: Spring Boot with Spring Security
+- Backend: Spring Boot with Spring Security and JavaMailSender",Architecture & Design,Technology Stack Selections,TRUE
E29_04,added,- lucide (icon),Architecture & Design,Technology Stack Selections,FALSE
E21_06,added,`src/hooks`: Custom React hooks,Development Workflow & Project Management,Directory Structure,TRUE
E45_06,added,"- Continuous Improvement:
 - Monitor code review comments
 - Track common development questions
 - Update rules after major refactors
 - Add links to relevant documentation
 - Cross-reference related rules",Development Workflow & Project Management,Workflow Conventions,FALSE
E54_20,added,2. バグ修正: - developからfix/<バグ名>ブランチを作成 - 修正後，developへプルリクエスト - コードレビュー後にマージ,Development Workflow & Project Management,Workflow Conventions,FALSE
E51_01,added,impl should follow struct strictly -- DO NOT seperate struct declaration and impl.,Code Implementation,Code Style Conventions,FALSE
E16_12,added,Health Check: bash scripts/maintenance/repository-health-check.sh,Development Workflow & Project Management,Workflow Conventions,TRUE
E56_159,added,- Mock SSE: Simulated server-sent events for testing real-time features,Quality Assurance,Testing Strategy,FALSE
E20_03,modified,"- - Application Type: Full-stack Todo application
+ - Application Type: Full-stack Todo application with user authentication",Architecture & Design,Design References & Constraints,FALSE
E39_03,modified,"Comment non-obvious logic, complex algorithms, or business rules
Comment ONLY non-obvious logic, complex algorithms, or business rules",Code Implementation,Code Style Conventions,FALSE
E56_36,added,"- Component Factory: config/factory.py handles dependency injection
- Interface-Based Design: Components implement abstract interfaces for testability
- Configuration Classes: Structured configuration with validation in config/settings.py",Architecture & Design,Design Principles & Patterns,FALSE
E56_76,added,- Use relative imports within src/youtube_notion/ package,Architecture & Design,Design Principles & Patterns,FALSE
E35_68,added,- [ ] 所有图标颜色提供深色模式样式,Code Implementation,Framework Usage,FALSE
E56_130,modified,"- - Use relative imports within src/youtube_notion/ package
+ - ALWAYS use relative imports within src/youtube_notion/ package",Architecture & Design,Design Principles & Patterns,FALSE
E28_07,added,- HTML generation includes correct <script> and <link> tags for Vite-built assets,Architecture & Design,Technology Stack Selections,FALSE
E44_13,added," {
 ""step"": ""5. Testing"",
 ""tasks"": [
 ""Write unit tests for PHP components"",
 ""Implement integration tests"",
 ""Perform load testing""
 ]
 }",Development Workflow & Project Management,Workflow Conventions,FALSE
E16_65,added,Maintenance System Features: Automated Cleanup: Daily removal of temporary files and artifacts; Health Monitoring: Repository health scoring and compliance checking; Git Hooks: Pre-commit/pre-push quality gates; Organization Compliance: Automated file placement and naming validation; Scheduled Maintenance: Windows Task Scheduler integration,Development Workflow & Project Management,Environment Configuration,FALSE
E1_16,modified,"-1. Create the rule initially as a markdown (`.md`) file
+1. Create the rule initially as a markdown (`.md`) file in the `.cursor/rules/` directory",Development Workflow & Project Management,Directory Structure,TRUE
E28_110,added,"### Analysis & Scanning
- Dependency Scanning: Automatic background scan on activation
 - Auto-detects dependency-cruiser config files (.dependency-cruiser.{js,cjs,mjs})
 - Auto-detects and uses tsconfig.json when present
 - Excludes: node_modules|dist|out|build|coverage|.git|.vscode|.constellation
 - Output: ./.constellation/data/codebase-dependencies.json
 - Manual trigger: Command palette → ""Constellation: Scan Dependencies""",Development Workflow & Project Management,Project Documentation,FALSE
E47_15,added,FOLLOW DRY (Don't Repeat Yourself) principle,Architecture & Design,Design Principles & Patterns,FALSE
E56_109,added,- Test Mode Detection: Cap retry delays to 5 seconds during testing to prevent hangs,Quality Assurance,Testing Strategy,FALSE
E41_56,added,- Type Safety: Declare cloudflare:test module interfaces for bindings,Quality Assurance,Testing Strategy,FALSE
E43_05,added,extensions/: Extensions/plugins (for TextEdit app),Development Workflow & Project Management,Directory Structure,TRUE
E56_26,added,"### Dependency Injection Pattern
python
# Factory creates components based on configuration
factory = ComponentFactory()
extractor = factory.create_metadata_extractor()
writer = factory.create_summary_writer()
storage = factory.create_storage()
# VideoProcessor orchestrates components
processor = VideoProcessor(extractor, writer, storage)
success = processor.process_video(url)
",Architecture & Design,Design Principles & Patterns,FALSE
E1_64,modified,"-  - Update progress journal regularly
+  - Update progress journal with each significant advancement",Development Workflow & Project Management,Project Documentation,FALSE
E30_10,added,"依赖注入技术栈推荐：
- TypeDI 0.15.x / InversifyJS 7.x / tsyringe 5.x 作为依赖注入容器
- jest-mock-extended 4.x 提供类型安全的 mock 创建",Code Implementation,Framework Usage,FALSE
E54_26,added,- バグ報告，機能リクエスト，タスク管理はIssueで行う,Development Workflow & Project Management,Workflow Conventions,FALSE
E30_06,added,"### Backend 组件拆解
- **API 路由层（src/routes/）**：定义RESTful API路由。
- **控制器层（src/controllers/）**：处理API请求逻辑，参数校验、调用服务层。
- **服务层（src/services/）**：封装与DeepSeek API的交互逻辑。
- **类型定义层（src/types/）**：API输入输出类型声明。
- **工具函数层（src/utils/）**：通用工具、参数校验、日志等。
- **环境变量与配置管理**：dotenv管理敏感信息。
- **日志与错误处理**：winston/pino日志，统一错误响应。
- **单元测试与接口测试**：Jest + supertest，保证各层可测。
- **API文档生成**：如Swagger/OpenAPI，便于协作。
- **扩展点**：历史记录、国际化、用户系统等。",Architecture & Design,System Architecture,FALSE
E56_114,added,- Test Structure: Separate unit tests (tests/unit/) from integration tests (tests/integration/),Quality Assurance,Testing Strategy,TRUE
E20_26,added,"Authentication Flow:
- Registration: Validate, Create User, Hash Password, Assign Role
- Login: Validate Creds, Generate JWTs, Store Tokens, Redirect
- Protected Request: Header -> Validate JWT -> Extract User -> Process
- Logout: Clear Tokens, Optional Blacklist",Architecture & Design,System Architecture,FALSE
E48_41,modified,"- Run npm run test before committing
+ Run pnpm run test before committing",Development Workflow & Project Management,Workflow Conventions,FALSE
E45_22,added,"- Command Reference: list
 - Legacy Syntax: node scripts/dev.js list
 - CLI Syntax: task-master list
 - Description: Lists all tasks in tasks.json with IDs, titles, and status
 - Parameters: 
 - --status=<status>, -s: Filter by status
 - --with-subtasks: Show subtasks for each task
 - --file=<path>, -f: Use alternative tasks.json file (default: 'tasks/tasks.json')
 - Example: task-master list
 - Notes: Provides quick overview of project progress. Use at start of sessions.",Development Workflow & Project Management,Workflow Conventions,FALSE
E41_52,added,- Isolated Storage: Each test runs with isolated KV/R2 storage,Quality Assurance,Testing Strategy,FALSE
E1_73,modified,"-     - initializing the project as a git repository is always a good idea
+     - Initialize the project as a git repository immediately",Development Workflow & Project Management,Version Control,FALSE
E33_16,added,"By default, generated entity also automatically has following field: CreatedAt time.Time, with default value : now in construction time; UpdatedAt time.Time, with default value : now in construction time; DeletedAt time.Time, with default value : nil; IsDeleted bool, with default value : false",Code Implementation,Business Logic,FALSE
E20_48,added,1. Registration with Email Verification: Users must verify email before account activation,Code Implementation,Business Logic,FALSE
E53_04,added,Use Ark UI for Vue. https://ark-ui.com/llms-vue.txt,Architecture & Design,Technology Stack Selections,TRUE
E2_137,added,Update all `any` types to proper TypeScript types,Code Implementation,Language Features,TRUE
E56_86,added,- PREFER: Unit tests over integration tests (faster execution),Quality Assurance,Testing Strategy,FALSE
E6_43,modified,"- Organize components by feature within `app/components` for example:
```
app/components/
    User
        UserProfile
            UserProfile.vue  // 👈 the ""main"" component
            UserProfileImage.vue   // used in UserProfile.vue
            UserProfileEdit.vue   // used in UserProfile.vue
            UserProfile   // used in UserProfile.vue
            UserProfile.nuxt.test.ts // 👈 test for the ""main"" component
    Post
        PostList
            PostList
            PostListHeader
            PostListRow
        PostCard
            PostCard
            PostCardImage
            PostCardFooter
```
+ Organize components by feature within `app/components` for example:
```
app/components/
    User
        UserProfile // very important it has prefix of parent directory name (ie User)
            UserProfile.vue  // 👈 the ""main"" component
            UserProfileImage.vue   // used in UserProfile.vue
            UserProfileEdit.vue   // very important it has full prefix of parent directory name (ie UserProfile)
            UserProfile.nuxt.test.ts // 👈 test for the ""main"" component
    Post
        PostList
            PostList
            PostListHeader
            PostListRow
        PostCard
            PostCard
            PostCardImage
            PostCardFooter
```",Development Workflow & Project Management,Directory Structure,FALSE
E56_27,modified,"-- main.py: Application orchestration, error handling, user feedback, and batch processing coordination
+- main.py: Application orchestration using ComponentFactory and VideoProcessor",Architecture & Design,System Architecture,FALSE
E21_18,added,`src/types/index.ts`: Globale type definities,Development Workflow & Project Management,Project Documentation,TRUE
E1_27,added,"#### If an existing Cursor Rule is being updated:

1. Use the terminal to copy to the existing `.mdc` file as an editable `.md` file
   ```bash
   # Example command to copy an .mdc file to .md format
   cp .cursor/rules/your_rule.mdc .cursor/rules/your_rule.md
   ```
2. Develop and refine the content of the new `.md` file
3. Once finalized, use the terminal to convert to a `.mdc` file
   ```bash
   # Example command to copy an .md file to .mdc format
   cp .cursor/rules/your_rule.md .cursor/rules/your_rule.mdc
   ```
4. Verify the content was correctly copied to the `.mdc` file",Development Workflow & Project Management,Workflow Conventions,FALSE
E55_04,added,3. 你不需使用`npm`启动测试服务器检查项目是否有编译错误，用户会测试项目，并告知你错误。,Development Workflow & Project Management,Workflow Conventions,FALSE
E54_14,added,- main: 本番環境へのデプロイに使用される安定ブランチ,Development Workflow & Project Management,Version Control,FALSE
E16_24,added,Key Features (Latest): Multi-User RFID Support: Session-based card management with 5-minute timeout,Code Implementation,Business Logic,FALSE
E22_30,added,- **RouteProvider pattern** - Each screen module provides its own route configuration,Architecture & Design,Design Principles & Patterns,FALSE
E6_76,added,* Only use state management external to components when necessary,Code Implementation,Framework Usage,FALSE
E12_09,added,Maintain clear separation between UI and business logic.,Architecture & Design,Design Principles & Patterns,FALSE
E27_04,added,- Try to use HeroUI components to have consistent styling for the app.,Code Implementation,Framework Usage,FALSE
E41_41,added,User-friendly messages in frontend,Code Implementation,Error & Exception Handling,FALSE
E22_17,modified,"- - `*_viewmodel.dart` - UI state management
+ - `*_viewmodel.dart` - UI state management (manually instantiated)",Code Implementation,Code Style Conventions,FALSE
E44_33,added,- Using dependency injection,Architecture & Design,Design Principles & Patterns,FALSE
E2_112,added,Apply brand colours to PDF reports with AAA accessibility compliance,Code Implementation,Code Style Conventions,FALSE
E47_04,added,FOLLOW official Apple coding guidelines and best practices,Code Implementation,Code Style Conventions,FALSE
E6_108,added,Use descriptive test file names that match source files,Code Implementation,Code Style Conventions,TRUE
E56_98,added,- Provide comprehensive help documentation with examples,Development Workflow & Project Management,Project Documentation,FALSE
E28_57,added,"- impact-analysis.service.ts: BFS-based dependency impact analysis
- http-bridge.service.ts: Secure loopback HTTP server for MCP communication
- graph-data.service.ts: Dependency data transformation and loading
- messenger.service.ts: Centralized webview message handling
- workspace.service.ts: Workspace validation and utilities",Development Workflow & Project Management,Directory Structure,TRUE
E56_70,added,- Configuration Classes: Structured config validation in config/ module,Architecture & Design,System Architecture,FALSE
E6_33,added,"When creating template refs that reference a native DOM element always name them with the `El` suffix. For example:
- `const textareaEl = useTemplateRef('textareaEl')`",Code Implementation,Code Style Conventions,TRUE
E35_26,added,- 代码格式不规范，影响可读性,Code Implementation,Code Style Conventions,FALSE
E2_160,modified,"- - Maintain comprehensive changelog
+ - Changelog must be maintained with semantic versioning",Development Workflow & Project Management,Project Documentation,FALSE
E6_55,added,"* Seeds should be created as nitro tasks:

```ts
// server/tasks/seed/posts.ts
export default defineTask({
  meta: {
      name: ""seed:posts"",
      description: ""Seed Posts"",
    },
  run({ payload, context }) {
    const db = useDb();
    // do seeding
    return { result: ""Success"" };
  },
});
```",Code Implementation,Framework Usage,FALSE
E35_61,added,- **层次分明** - 使用不同灰度层次区分信息重要性,Architecture & Design,Design Principles & Patterns,FALSE
E17_06,added,- Improve the code without changing behavior (Refactor),Quality Assurance,Testing Strategy,FALSE
E22_27,modified,"- # Build APK (Android)
- flutter build apk
- 
- # Build iOS
- flutter build ios
- 
- # Build for release
- flutter build apk --release
- flutter build ios --release
+ # Build iOS (primary platform)
+ flutter build ios
+ 
+ # Build iOS for release
+ flutter build ios --release
+ 
+ # Future platform builds:
+ # flutter build apk (Android)
+ # flutter build macos (macOS)
+ # flutter build windows (Windows)
+ # flutter build web (Web)",Development Workflow & Project Management,Workflow Conventions,FALSE
E1_21,modified,"- - **IMPORTANT**: Place all rules directly in the `.cursor/rules/` directory without subdirectories
+ - **IMPORTANT**: Place all rules directly in the `.cursor/rules/` directory",Development Workflow & Project Management,Directory Structure,TRUE
E16_15,added,Repository health monitoring and organization compliance,Code Implementation,Business Logic,FALSE
E13_14,added,Node.js versions are managed via fnm using `.node-version`.,Development Workflow & Project Management,Environment Configuration,TRUE
E39_06,modified,"Do not leave comments about code you have removed during the edit
Do not leave comments about code you have removed or updated during the edit. Comment should explain current code, not how it was changed",Code Implementation,Code Style Conventions,FALSE
E56_21,modified,"-- Help Documentation: Comprehensive usage examples
+- Help Documentation: Comprehensive usage examples including batch operations",Architecture & Design,Technology Stack Selections,FALSE
E35_81,added,- [ ] 系统主题跟随功能正常,Code Implementation,Business Logic,FALSE
E56_118,added,- Use .env-test for integration test configuration,Development Workflow & Project Management,Environment Configuration,TRUE
E1_01,modified,"- 1. Create the rule initially as a markdown (`.md`) file in the `.cursor/rules/` directory
+ 1. Create the rule initially as a markdown (`.md`) file in the `new_project_folder/.cursor/rules/` directory",Development Workflow & Project Management,Workflow Conventions,FALSE
E12_05,added,"Keep components small and focused - if they exceed 100 lines, break them down.",Architecture & Design,Design Principles & Patterns,TRUE
E35_34,added,- **临时文件机制** - 使用临时文件验证压缩效果，确保满足预期,Code Implementation,Business Logic,FALSE
E28_18,modified,"- │ └── messageBus.ts # Extension-side message bus
+ │ ├── http-bridge.service.ts # HTTP bridge service
+ │ └── message-bus.service.ts # Extension-side message bus",Code Implementation,Code Style Conventions,TRUE
E8_02,added,新建代码页面尽量不要超过1000行,Code Implementation,Code Style Conventions,TRUE
E48_44,modified,"- Production start: npm run start:prod
+ Production start: pnpm run start:prod",Development Workflow & Project Management,Workflow Conventions,FALSE
E20_18,added,"Authentication & Authorization Requirements - User Management:
1. User Registration: Sign up with email/username and password
2. User Login: Authenticate with credentials and receive JWT token
3. User Logout: Clear authentication state and tokens
4. Password Security: Hash passwords with BCrypt
5. JWT Token Management: Generate, validate, and refresh tokens
6. Protected Routes: Restrict access to authenticated users only
7. User Profile: Basic user information management",Code Implementation,Business Logic,FALSE
E50_82,added,"## Parent Task Completion Protocol

When ALL sub-tasks under a parent are complete:

1. Run full test suite if available
2. Stage changes: `git add .`
3. Clean up temporary files
4. Commit with conventional format:

   ```sh
   git commit -m ""feat: [parent task summary]"" -m ""- [key changes]"" -m ""- [additions]"" -m ""Related to [task#]""
   ```

5. Mark parent task as `[x]`",Development Workflow & Project Management,Workflow Conventions,FALSE
E47_01,added,ALWAYS use latest Swift 6 syntax and features,Code Implementation,Language Features,FALSE
E56_33,modified,"-- Integration Tests: API interactions with mocking
+- Integration Tests (tests/integration/): Tests with external dependencies
 - Use .env-test configuration exclusively
 - Test database ""YT Summaries [TEST]"" for safe testing
 - API interactions with real services",Quality Assurance,Testing Strategy,FALSE
E45_08,added,"- Documentation Updates:
 - Keep examples synchronized with code
 - Update references to external docs
 - Maintain links between related rules
 - Document breaking changes",Development Workflow & Project Management,Project Documentation,FALSE
E39_17,added,"Follow ""fail fast"" rule - throw exception on incorrect or missing parameters, do not try to assign defaults",Code Implementation,Error & Exception Handling,FALSE
E56_31,added,- Component Validation: Each component validates its configuration at initialization,Code Implementation,Error & Exception Handling,FALSE
E2_103,added,"Provide proper TypeScript types for all functions, parameters, and return values",Code Implementation,Language Features,FALSE
E2_113,added,Use supporting colours for status indicators with semantic meaning,Code Implementation,Code Style Conventions,FALSE
E28_16,added,"├── node_modules/ # Dependencies
├── .vscode/ # VS Code workspace settings
├── .vscode-test/ # VS Code test configuration
└── .git/ # Git repository",Development Workflow & Project Management,Directory Structure,FALSE
E56_164,added,- Chat Log Access: View AI conversation logs for each video,Architecture & Design,Technology Stack Selections,FALSE
E20_71,added,"app.email.verification.expiry-minutes=10
app.email.verification.max-attempts=5
app.email.from-address="", message = ""Verification code must be exactly 6 digits"")
private String verificationCode;",Code Implementation,Business Logic,FALSE
E56_120,added,- Interface-Based Design: All components implement abstract interfaces for testability and extensibility,Architecture & Design,Design Principles & Patterns,FALSE
E17_20,added,- Use testify for assertions,Code Implementation,Framework Usage,TRUE
E56_73,modified,"- - Python 3.12+: Primary language with modern packaging structure
- - Notion SDK: Official Python client for Notion API integration
- - Google Gemini AI: AI-powered video summary generation
- - YouTube Data API: Optional metadata extraction (falls back to web scraping)
+ Core Stack: Python 3.12+, Notion SDK, Google Gemini AI, YouTube Data API",Architecture & Design,Technology Stack Selections,FALSE
E51_17,added,"Imports Needed for Interactive UI
```rust
use gpui::{
    InteractiveElement, // For .hover(), .cursor_pointer()
    MouseButton,        // For mouse event handling
    // ... other imports
};
```",Code Implementation,Framework Usage,FALSE
E41_38,added,Virtual scrolling for large lists,Code Implementation,Performance Optimization,FALSE
E28_108,added,"## Dependencies
### Runtime Dependencies
- @modelcontextprotocol/sdk: ^1.18.0 (MCP server implementation)
- zod: ^3.23.8 (Schema validation)
- preact: ^10.24.3 (UI framework)

### Development Dependencies
- typescript: ^5.9.2 (Language and compiler)
- vite: ^5.4.8 (UI build tool)
- @preact/preset-vite: ^2.9.1 (Preact integration)
- eslint: ^9.34.0 (Code linting)
- @vscode/test-cli: ^0.0.11 (Testing framework)
- vsce: ^2.15.0 (Extension packaging)",Development Workflow & Project Management,Dependency Management,TRUE
E35_36,added,"- **对象结构完整性** - 确保对象字面量语法正确，字段位置准确
  ```typescript
  // ✅ 正确的对象结构
  console.log('调试信息:', {
    field1: value1,
    field2: value2,
    field3: value3  // 最后一个字段不需要逗号，但可以加上
  });
  
  // ❌ 错误的对象结构
  console.log('调试信息:', {
    field1: value1,
    field2: value2
  });
  field3: value3,  // 字段在对象外部，语法错误
  ```",Code Implementation,Language Features,FALSE
E39_08,modified,"Comment ONLY non-obvious logic, complex algorithms, or business rules
    - Add comments for non-obvious logic, complex algorithms, or business rules",Code Implementation,Code Style Conventions,FALSE
E30_01,modified,"- 单元测试优先使用 Vitest + React Testing Library
+ 单元测试优先使用 Vitest（2025年主流，速度快，兼容性好）+ React Testing Library，支持组件和逻辑的高效测试",Quality Assurance,Testing Strategy,FALSE
E2_118,added,Pre-commit hook runs linting and formatting,Development Workflow & Project Management,Version Control,FALSE
E56_149,added,- JavaScript Unit Tests (web/static/tests/): Frontend component testing with Jest,Quality Assurance,Testing Strategy,TRUE
E20_34,modified,"-- Frontend: React with JWT token management
+- Frontend: React with comprehensive authentication flows",Architecture & Design,Technology Stack Selections,FALSE
E41_59,added,"- Always re-run the frontend, worker and integration tests before considering a task complete",Development Workflow & Project Management,Workflow Conventions,FALSE
E56_59,modified,"- - Python 3.12+: Minimum supported version
+ - Python 3.12+: Primary language with modern packaging structure",Architecture & Design,Technology Stack Selections,FALSE
E17_02,added,1. Always start with a failing test first (Test-Driven Development),Quality Assurance,Testing Strategy,FALSE
E44_22,added,- Improved fuzzy matching with increased distance and proper parameter handling,Code Implementation,Business Logic,FALSE
E6_122,added,Test critical user journeys,Quality Assurance,Testing Strategy,FALSE
E56_156,added,- Three-Column Layout: Queue → Processing → Completed (inspired by YouTube design),Architecture & Design,Design Principles & Patterns,FALSE
E1_42,modified,"-## Template Organization
-
-Project templates should be organized in a structured way for easy access:
-
-```
-project_templates/
-├── technical/
-│   ├── web/
-│   ├── mobile/
-│   ├── api/
-│   ├── data/
-│   ├── game/
-│   └── tool/
-├── creative/
-│   ├── writing/
-│   ├── design/
-│   └── media/
-├── business/
-│   ├── planning/
-│   ├── marketing/
-│   └── analytics/
-└── personal/
-    ├── life/
-    ├── learning/
-    └── productivity/
-```
+## Project Organization Structure
+
+The project should be organized in a structured, intuitive way:
+
+```
+/project-root
+├── .cursor/
+│   └── rules/            # Cursor project rules
+├── docs/                 # Documentation
+│   ├── planning/         # Planning documents
+│   ├── guides/           # User/developer guides
+│   └── specs/            # Technical specifications
+├── journal/              # Project progress journal
+│   └── entries/          # Individual journal entries by date
+├── project-plan.md       # Master project plan with checklists
+└── [project-specific folders based on type]
+```
+
+These guidelines should be appropriately tailored to the specific project type and requirements.",Development Workflow & Project Management,Directory Structure,TRUE
E20_58,added,"EmailVerification Entity:
- id (Long, auto-generated)
- email (String, required, indexed)
- verificationCode (String, required, 6 digits)
- expiryTime (LocalDateTime, required, 10 minutes from creation)
- verified (Boolean, default false)
- attempts (Integer, default 0, max 5 attempts)
- createdAt (LocalDateTime, auto-generated)",Code Implementation,Business Logic,FALSE
E56_17,added,"- utils/batch_processor.py: Batch processing utilities, progress tracking, and error aggregation",Architecture & Design,System Architecture,FALSE
E56_14,modified,"-- main.py: Application orchestration, error handling, and user feedback
+- main.py: Application orchestration, error handling, user feedback, and batch processing coordination",Architecture & Design,System Architecture,FALSE
E2_105,added,"Secondary colours: Dark Purple (#1b1532), Orange (#ff8a00), Light Blue (#ebf7fc)",Code Implementation,Code Style Conventions,TRUE
E47_03,added,TARGET macOS 15.6 as minimum deployment target,Architecture & Design,Technology Stack Selections,TRUE
E35_28,added,- **集中配置管理** - 核心设置统一在应用级别管理，避免工具间重复配置,Architecture & Design,System Architecture,FALSE
E48_42,modified,"- Use npm run lint to check code style
+ Use pnpm run lint to check code style",Development Workflow & Project Management,Workflow Conventions,FALSE
E16_26,added,Key Features (Latest): Web Administration: Complete locker management and monitoring,Code Implementation,Business Logic,FALSE
E20_29,added,"Testing Requirements:
1. Unit Tests: Test all service methods
2. Integration Tests: Test authentication flows
3. Security Tests: Test authorization rules
4. API Tests: Test all endpoints with various scenarios",Quality Assurance,Testing Strategy,FALSE
E28_76,modified,"- npm run clean # Remove out/ directory
- npm run clean:web # Remove web build artifacts
- npm run lint # ESLint on src/
- npm run test # Run VS Code extension tests
+ npm run clean # Remove out/ directory using rimraf
+ npm run clean:web # Remove web build artifacts (.js, .js.map files)
+ npm run lint # ESLint on src/ directory
+ npm run test # Run VS Code extension tests (runs pretest first)
+ npm run pretest # Compile and lint before testing",Development Workflow & Project Management,Workflow Conventions,TRUE
E45_40,added,"- Section References:
 - Use ALL_CAPS_SECTION to reference files
 - Example: WINDSURF_RULES",Development Workflow & Project Management,Project Documentation,FALSE